vel_bala,dist_terreno,delta_x_aerea,delta_y_aerea,hay_proyectil_aire,pos_x_jugador,salto
-12,700,45,366,0,50,0
-12,688,45,366,0,50,0
-12,676,45,366,0,50,0
-12,664,45,366,0,50,0
-12,652,45,366,0,50,0
-12,640,45,366,0,50,0
-12,628,45,366,0,50,0
-12,616,45,366,0,50,0
-12,604,45,366,0,50,0
-12,592,45,366,0,50,0
-12,580,45,366,0,50,0
-12,568,45,366,0,50,0
-12,556,45,366,0,50,0
-12,544,45,366,0,50,0
-12,532,45,366,0,50,0
-12,515,40,366,0,55,0
-12,498,35,366,0,60,0
-12,481,30,366,0,65,0
-12,464,25,366,0,70,0
-12,447,20,366,0,75,0
-12,430,15,366,0,80,0
-12,413,10,366,0,85,0
-12,396,5,366,0,90,0
-12,379,0,366,0,95,0
-12,362,5,366,0,100,0
-12,350,5,366,0,100,0
-12,338,5,366,0,100,0
-12,331,0,366,0,95,0
-12,324,5,366,0,90,0
-12,317,10,366,0,85,0
-12,310,15,366,0,80,0
-12,298,15,366,0,80,0
-12,286,15,366,0,80,0
-12,279,20,366,0,75,0
-12,272,25,366,0,70,0
-12,265,30,366,0,65,0
-12,258,35,366,0,60,0
-12,251,40,366,0,55,0
-12,244,45,366,0,50,0
-12,237,50,366,0,45,0
-12,230,55,358,0,40,1
-12,223,60,351,0,35,1
-12,216,65,345,0,30,1
-12,209,70,340,0,25,1
-12,202,75,336,0,20,1
-12,195,80,333,0,15,1
-12,188,85,331,0,10,1
-12,181,90,330,0,5,1
-12,174,95,330,0,0,1
-12,162,95,331,0,0,1
-12,150,0,277,1,0,1
-12,138,0,258,1,0,1
-12,121,5,240,1,5,1
-12,104,10,223,1,10,1
-12,87,15,207,1,15,1
-12,70,20,192,1,20,1
-12,53,25,178,1,25,0
-12,36,30,156,1,30,0
-12,700,50,366,0,50,0
-12,688,50,366,0,50,0
-12,676,50,366,0,50,0
-12,664,50,366,0,50,0
-12,652,50,366,0,50,0
-12,635,55,366,0,55,0
-12,618,60,366,0,60,0
-12,601,65,366,0,65,0
-12,584,70,366,0,70,0
-12,567,75,366,0,75,0
-12,550,80,366,0,80,0
-12,533,85,366,0,85,0
-12,516,90,366,0,90,0
-12,499,95,366,0,95,0
-12,482,100,366,0,100,0
-12,470,100,366,0,100,0
-12,458,100,366,0,100,0
-12,446,100,366,0,100,0
-12,434,100,366,0,100,0
-12,422,100,366,0,100,0
-12,410,100,366,0,100,0
-12,398,100,366,0,100,0
-12,386,100,366,0,100,0
-12,374,100,366,0,100,0
-12,362,100,366,0,100,0
-12,350,100,366,0,100,0
-12,338,100,366,0,100,0
-12,326,100,366,0,100,0
-12,319,95,366,0,95,0
-12,312,90,366,0,90,0
-12,305,85,366,0,85,0
-12,298,80,366,0,80,0
-12,291,75,366,0,75,0
-12,284,70,366,0,70,0
-12,277,65,366,0,65,0
-12,270,60,366,0,60,0
-12,263,55,366,0,55,0
-12,251,55,366,0,55,0
-12,239,55,366,0,55,0
-12,222,60,351,0,60,1
-12,205,65,337,0,65,1
-12,188,70,324,0,70,1
-12,171,75,312,0,75,1
-12,154,80,301,0,80,1
-12,137,85,291,0,85,1
-12,120,90,282,0,90,1
-12,103,95,274,0,95,1
-12,86,100,267,0,100,1
-12,69,105,261,0,105,1
-12,52,110,256,0,110,1
-12,35,115,252,0,115,1
-12,18,120,249,0,120,1
-12,1,5,191,1,125,1
-12,16,10,168,1,130,1
-12,33,15,146,1,135,1
-12,50,20,125,1,140,1
-12,67,25,105,1,145,1
-12,84,30,86,1,150,1
-12,101,35,68,1,155,1
-12,108,30,51,1,150,1
-12,115,25,35,1,145,1
-12,122,20,20,1,140,1
-12,700,70,366,0,50,0
-12,688,70,366,0,50,0
-12,676,70,366,0,50,0
-12,664,70,366,0,50,0
-12,652,70,366,0,50,0
-12,640,70,366,0,50,0
-12,623,65,366,0,55,0
-12,606,60,366,0,60,0
-12,589,55,366,0,65,0
-12,572,50,366,0,70,0
-12,555,45,366,0,75,0
-12,538,40,366,0,80,0
-12,521,35,366,0,85,0
-12,504,30,366,0,90,0
-12,487,25,366,0,95,0
-12,470,20,366,0,100,0
-12,453,15,366,0,105,0
-12,441,15,366,0,105,0
-12,434,20,366,0,100,0
-12,427,25,366,0,95,0
-12,420,30,366,0,90,0
-12,413,35,366,0,85,0
-12,406,40,366,0,80,0
-12,399,45,366,0,75,0
-12,392,50,366,0,70,0
-12,385,55,366,0,65,0
-12,378,60,366,0,60,0
-12,371,65,366,0,55,0
-12,364,70,366,0,50,0
-12,357,75,366,0,45,0
-12,350,80,366,0,40,0
-12,338,80,366,0,40,0
-12,321,75,366,0,45,0
-12,304,70,366,0,50,0
-12,287,65,366,0,55,0
-12,270,60,366,0,60,0
-12,253,55,351,0,65,1
-12,236,50,337,0,70,1
-12,219,45,324,0,75,1
-12,202,40,312,0,80,1
-12,185,35,301,0,85,1
-12,168,30,291,0,90,1
-12,151,25,282,0,95,1
-12,134,20,274,0,100,1
-12,117,15,267,0,105,1
-12,105,15,261,0,105,1
-12,98,20,256,0,100,1
-12,91,25,252,0,95,1
-12,84,30,249,0,90,1
-12,77,35,247,0,85,1
-12,70,5,190,1,80,1
-12,63,10,168,1,75,1
-12,56,15,147,1,70,1
-12,49,20,127,1,65,1
-12,42,25,108,1,60,1
-12,35,30,90,1,55,1
-12,28,35,73,1,50,1
-12,21,40,57,1,45,1
-12,14,45,42,1,40,1
-12,7,50,28,1,35,1
-12,5,50,15,1,35,1
-12,22,45,3,1,40,1
-12,39,40,8,1,45,1
-12,700,35,18,1,50,1
-12,683,30,27,1,55,1
-12,666,25,35,1,60,1
-12,649,20,42,1,65,0
-12,632,15,64,1,70,0
-12,615,10,366,0,75,0
-12,598,5,366,0,80,0
-12,581,0,366,0,85,0
-12,564,5,366,0,90,0
-12,547,10,366,0,95,0
-12,530,15,366,0,100,0
-12,513,20,366,0,105,0
-12,496,25,366,0,110,0
-12,479,30,366,0,115,0
-12,462,35,366,0,120,0
-12,445,40,366,0,125,0
-12,428,45,366,0,130,0
-12,416,45,366,0,130,0
-12,404,45,366,0,130,0
-12,392,45,366,0,130,0
-12,380,45,366,0,130,0
-12,363,50,366,0,135,0
-12,346,55,366,0,140,0
-12,329,60,366,0,145,0
-12,312,65,366,0,150,0
-12,295,70,366,0,155,0
-12,283,70,366,0,155,0
-12,276,65,366,0,150,0
-12,269,60,366,0,145,0
-12,262,55,366,0,140,0
-12,255,50,366,0,135,0
-12,243,50,366,0,135,0
-12,231,50,366,0,135,0
-12,224,45,366,0,130,0
-12,217,40,366,0,125,0
-12,210,35,366,0,120,0
-12,203,30,366,0,115,0
-12,196,25,366,0,110,0
-12,189,20,366,0,105,0
-12,182,15,366,0,100,0
-12,175,10,366,0,95,0
-12,168,5,351,0,90,1
-12,161,0,337,0,85,1
-12,154,5,324,0,80,1
-12,147,10,312,0,75,1
-12,140,15,301,0,70,1
-12,133,20,291,0,65,1
-12,126,5,226,1,60,1
-12,119,10,196,1,55,1
-12,112,15,167,1,50,1
-12,105,20,139,1,45,1
-12,98,25,112,1,40,1
-12,91,30,86,1,35,1
-12,84,35,61,1,30,1
-12,72,35,37,1,30,1
-12,60,35,14,1,30,1
-12,48,35,8,1,30,1
-12,36,35,29,1,30,1
-12,29,40,49,1,25,1
-12,17,40,68,1,25,1
-12,0,35,86,1,30,1
-12,17,30,103,1,35,1
-12,34,25,119,1,40,1
-12,705,20,134,1,45,1
-12,688,15,148,1,50,1
-12,671,10,291,0,55,1
-12,654,5,301,0,60,1
-12,637,0,312,0,65,1
-12,620,5,324,0,70,1
-12,603,10,337,0,75,1
-12,586,15,351,0,80,1
-12,569,20,366,0,85,0
-12,552,25,366,0,90,0
-12,535,30,366,0,95,0
-12,518,35,366,0,100,0
-12,501,40,366,0,105,0
-12,484,45,366,0,110,0
-12,467,50,366,0,115,0
-12,450,55,366,0,120,0
-12,433,60,366,0,125,0
-12,416,65,366,0,130,0
-12,399,70,366,0,135,0
-12,382,75,366,0,140,0
-12,365,80,366,0,145,0
-12,353,80,366,0,145,0
-12,341,80,366,0,145,0
-12,334,75,366,0,140,0
-12,327,70,366,0,135,0
-12,315,70,366,0,135,0
-12,303,70,366,0,135,0
-12,296,65,366,0,130,0
-12,289,60,366,0,125,0
-12,282,55,366,0,120,0
-12,270,55,366,0,120,0
-12,263,50,366,0,115,0
-12,256,45,366,0,110,0
-12,249,40,366,0,105,0
-12,242,35,366,0,100,0
-12,235,30,366,0,95,0
-12,228,25,366,0,90,0
-12,221,20,366,0,85,0
-12,214,15,366,0,80,0
-12,207,10,366,0,75,0
-12,200,5,366,0,70,0
-12,193,0,366,0,65,0
-12,186,5,366,0,60,0
-12,179,10,366,0,55,0
-12,172,5,310,1,50,0
-12,165,10,273,1,45,1
-12,158,15,237,1,40,1
-12,151,20,202,1,35,1
-12,144,25,168,1,30,1
-12,137,30,135,1,25,1
-12,130,35,103,1,20,1
-12,123,40,72,1,15,1
-12,116,45,42,1,10,1
-12,99,40,13,1,15,1
-12,82,35,15,1,20,1
-12,65,30,42,1,25,1
-12,48,25,68,1,30,1
-12,31,20,93,1,35,1
-12,14,15,117,1,40,1
-12,3,10,140,1,45,1
-12,20,5,162,1,50,1
-12,37,0,183,1,55,1
-12,54,5,249,0,60,1
-12,685,10,252,0,65,1
-12,668,15,256,0,70,1
-12,651,20,261,0,75,1
-12,634,25,267,0,80,1
-12,617,30,274,0,85,1
-12,600,35,282,0,90,1
-12,583,40,291,0,95,1
-12,566,45,301,0,100,1
-12,549,50,312,0,105,1
-12,532,55,324,0,110,1
-12,515,60,337,0,115,1
-12,498,65,351,0,120,1
-12,481,70,366,0,125,0
-12,469,70,366,0,125,0
-12,462,65,366,0,120,0
-12,455,60,366,0,115,0
-12,448,55,366,0,110,0
-12,436,55,366,0,110,0
-12,419,60,366,0,115,0
-12,402,65,366,0,120,0
-12,385,70,366,0,125,0
-12,368,75,366,0,130,0
-12,351,80,366,0,135,0
-12,334,85,366,0,140,0
-12,317,90,366,0,145,0
-12,300,95,366,0,150,0
-12,288,95,366,0,150,0
-12,276,95,366,0,150,0
-12,269,90,366,0,145,0
-12,262,85,366,0,140,0
-12,255,80,366,0,135,0
-12,248,75,366,0,130,0
-12,241,70,366,0,125,0
-12,234,65,366,0,120,0
-12,227,60,366,0,115,0
-12,220,55,366,0,110,0
-12,213,50,366,0,105,0
-12,206,45,366,0,100,0
-12,199,40,366,0,95,0
-12,192,35,366,0,90,0
-12,185,30,366,0,85,0
-12,178,5,310,1,80,0
-12,171,10,288,1,75,0
-12,164,15,266,1,70,0
-12,157,20,244,1,65,0
-12,150,25,222,1,60,0
-12,143,30,200,1,55,0
-12,136,35,163,1,50,1
-12,129,40,127,1,45,1
-12,122,45,92,1,40,1
-12,115,50,58,1,35,1
-12,108,55,25,1,30,1
-12,101,60,7,1,25,1
-12,89,60,38,1,25,1
-12,72,55,68,1,30,1
-12,55,50,97,1,35,1
-12,38,45,125,1,40,1
-12,21,40,152,1,45,1
-12,4,35,178,1,50,1
-12,13,30,249,0,55,1
-12,30,25,247,0,60,1
-12,47,20,246,0,65,1
-12,64,15,246,0,70,1
-12,680,15,247,0,70,1
-12,668,15,249,0,70,1
-12,656,15,252,0,70,1
-12,644,15,256,0,70,1
-12,632,15,261,0,70,1
-12,625,20,267,0,65,1
-12,618,25,274,0,60,1
-12,611,30,282,0,55,1
-12,604,35,291,0,50,1
-12,597,40,301,0,45,1
-12,590,45,312,0,40,1
-12,583,50,324,0,35,1
-12,571,50,337,0,35,1
-12,559,50,351,0,35,1
-12,552,55,366,0,30,0
-12,545,60,366,0,25,0
-12,538,65,366,0,20,0
-12,531,70,366,0,15,0
-12,524,75,366,0,10,0
-12,512,75,366,0,10,0
-12,500,75,366,0,10,0
-12,488,75,366,0,10,0
-12,476,75,366,0,10,0
-12,469,80,366,0,5,0
-12,462,85,366,0,0,0
-12,450,85,366,0,0,0
-12,438,85,366,0,0,0
-12,421,80,366,0,5,0
-12,404,75,366,0,10,0
-12,387,70,366,0,15,0
-12,370,65,366,0,20,0
-12,353,60,366,0,25,0
-12,336,55,366,0,30,0
-12,319,50,351,0,35,1
-12,302,45,337,0,40,1
-12,285,40,324,0,45,1
-12,268,35,312,0,50,1
-12,251,30,301,0,55,1
-12,234,5,235,1,60,1
-12,217,10,204,1,65,1
-12,200,15,174,1,70,1
-12,183,20,145,1,75,1
-12,166,25,117,1,80,1
-12,149,30,90,1,85,1
-12,132,35,64,1,90,1
-12,115,40,39,1,95,1
-12,98,45,15,1,100,1
-12,81,50,8,1,105,1
-12,64,55,30,1,110,1
-12,47,60,51,1,115,1
-12,30,65,71,1,120,1
-12,13,70,90,1,125,1
-12,4,75,108,1,130,1
-12,21,80,125,1,135,1
-12,38,85,141,1,140,1
-12,55,90,156,1,145,1
-12,72,95,282,0,150,1
-12,89,100,291,0,155,1
-12,106,105,301,0,160,1
-12,123,110,312,0,165,1
-12,135,110,324,0,165,1
-12,142,105,337,0,160,1
-12,149,100,351,0,155,1
-12,600,95,366,0,150,0
-12,593,90,366,0,145,0
-12,581,90,366,0,145,0
-12,569,90,366,0,145,0
-12,557,90,366,0,145,0
-12,550,85,366,0,140,0
-12,543,80,366,0,135,0
-12,536,75,366,0,130,0
-12,524,75,366,0,130,0
-12,512,75,366,0,130,0
-12,500,75,366,0,130,0
-12,483,80,366,0,135,0
-12,466,85,366,0,140,0
-12,449,90,366,0,145,0
-12,437,90,366,0,145,0
-12,425,90,366,0,145,0
-12,413,90,366,0,145,0
-12,401,90,366,0,145,0
-12,394,85,366,0,140,0
-12,387,80,366,0,135,0
-12,375,80,366,0,135,0
-12,363,80,366,0,135,0
-12,356,75,366,0,130,0
-12,349,70,366,0,125,0
-12,342,65,366,0,120,0
-12,335,60,366,0,115,0
-12,328,55,366,0,110,0
-12,321,50,366,0,105,0
-12,314,45,366,0,100,0
-12,307,40,366,0,95,0
-12,300,35,366,0,90,0
-12,293,30,366,0,85,0
-12,286,25,366,0,80,0
-12,279,20,366,0,75,0
-12,272,15,366,0,70,0
-12,265,5,310,1,65,0
-12,258,10,288,1,60,0
-12,251,15,266,1,55,0
-12,244,20,244,1,50,0
-12,237,25,222,1,45,0
-12,230,30,200,1,40,0
-12,223,35,163,1,35,1
-12,216,40,127,1,30,1
-12,209,45,92,1,25,1
-12,202,50,58,1,20,1
-12,195,55,25,1,15,1
-12,183,55,7,1,15,1
-12,166,50,38,1,20,1
-12,149,45,68,1,25,1
-12,132,40,97,1,30,1
-12,115,35,125,1,35,1
-12,98,30,152,1,40,1
-12,81,25,178,1,45,1
-12,64,20,249,0,50,1
-12,47,15,247,0,55,1
-12,30,10,246,0,60,1
-12,13,5,246,0,65,1
-12,4,0,247,0,70,1
-12,21,5,249,0,75,1
-12,38,10,252,0,80,1
-12,55,15,256,0,85,1
-12,72,20,261,0,90,1
-12,89,25,267,0,95,1
-12,650,30,274,0,100,1
-12,633,35,282,0,105,1
-12,616,40,291,0,110,1
-12,599,45,301,0,115,1
-12,582,50,312,0,120,1
-12,565,55,324,0,125,1
-12,548,60,337,0,130,1
-12,531,65,351,0,135,1
-12,519,65,366,0,135,0
-12,512,60,366,0,130,0
-12,505,55,366,0,125,0
-12,498,50,366,0,120,0
-12,486,50,366,0,120,0
-12,474,50,366,0,120,0
-12,462,50,366,0,120,0
-12,455,45,366,0,115,0
-12,448,40,366,0,110,0
-12,436,40,366,0,110,0
-12,424,40,366,0,110,0
-12,417,35,366,0,105,0
-12,410,30,366,0,100,0
-12,403,25,366,0,95,0
-12,391,25,366,0,95,0
-12,384,20,366,0,90,0
-12,377,15,366,0,85,0
-12,370,10,366,0,80,0
-12,358,10,366,0,80,0
-12,351,5,366,0,75,0
-12,344,0,366,0,70,0
-12,337,5,366,0,65,0
-12,330,10,366,0,60,0
-12,323,15,366,0,55,0
-12,316,5,310,1,50,0
-12,309,10,288,1,45,0
-12,302,15,266,1,40,0
-12,295,20,244,1,35,0
-12,288,25,222,1,30,0
-12,281,30,200,1,25,0
-12,274,35,178,1,20,0
-12,267,40,141,1,15,1
-12,260,45,105,1,10,1
-12,253,50,70,1,5,1
-12,241,50,36,1,5,1
-12,229,50,3,1,5,1
-12,212,45,29,1,10,1
-12,195,40,60,1,15,1
-12,178,35,90,1,20,1
-12,161,30,119,1,25,1
-12,144,25,147,1,30,1
-12,127,20,174,1,35,1
-12,110,15,252,0,40,1
-12,93,10,249,0,45,1
-12,76,5,247,0,50,1
-12,59,0,246,0,55,1
-12,42,5,246,0,60,1
-12,25,10,247,0,65,1
-12,8,15,249,0,70,1
-12,9,20,252,0,75,1
-12,21,20,256,0,75,1
-12,33,20,261,0,75,1
-12,45,20,267,0,75,1
-12,57,20,274,0,75,1
-12,69,20,282,0,75,1
-12,675,20,291,0,75,1
-12,663,20,301,0,75,1
-12,651,20,312,0,75,1
-12,639,20,324,0,75,1
-12,627,20,337,0,75,1
-12,610,25,351,0,80,1
-12,593,30,366,0,85,0
-12,581,30,366,0,85,0
-12,569,30,366,0,85,0
-12,557,30,366,0,85,0
-12,545,30,366,0,85,0
-12,533,30,366,0,85,0
-12,521,30,366,0,85,0
-12,514,25,366,0,80,0
-12,507,20,366,0,75,0
-12,500,15,366,0,70,0
-12,493,10,366,0,65,0
-12,486,5,366,0,60,0
-12,479,0,366,0,55,0
-12,472,5,366,0,50,0
-12,465,10,366,0,45,0
-12,458,15,366,0,40,0
-12,451,20,366,0,35,0
-12,444,25,366,0,30,0
-12,427,20,366,0,35,0
-12,410,15,366,0,40,0
-12,393,10,366,0,45,0
-12,376,5,366,0,50,0
-12,359,0,366,0,55,0
-12,342,5,310,1,60,0
-12,325,10,288,1,65,0
-12,308,15,266,1,70,0
-12,291,20,244,1,75,0
-12,274,25,222,1,80,0
-12,257,30,185,1,85,1
-12,240,35,149,1,90,1
-12,223,40,114,1,95,1
-12,206,45,80,1,100,1
-12,189,50,47,1,105,1
-12,172,55,15,1,110,1
-12,155,60,16,1,115,1
-12,138,65,46,1,120,1
-12,121,70,75,1,125,1
-12,104,75,103,1,130,1
-12,87,80,130,1,135,1
-12,75,80,156,1,135,1
-12,63,80,181,1,135,1
-12,56,75,247,0,130,1
-12,49,70,246,0,125,1
-12,42,65,246,0,120,1
-12,30,65,247,0,120,1
-12,18,65,249,0,120,1
-12,6,65,252,0,120,1
-12,11,70,256,0,125,1
-12,28,75,261,0,130,1
-12,40,75,267,0,130,1
-12,52,75,274,0,130,1
-12,64,75,282,0,130,1
-12,81,80,291,0,135,1
-12,98,85,301,0,140,1
-12,110,85,312,0,140,1
-12,122,85,324,0,140,1
-12,134,85,337,0,140,1
-12,610,85,351,0,140,1
-12,598,85,366,0,140,0
-12,586,85,366,0,140,0
-12,574,85,366,0,140,0
-12,567,80,366,0,135,0
-12,560,75,366,0,130,0
-12,553,70,366,0,125,0
-12,541,70,366,0,125,0
-12,529,70,366,0,125,0
-12,522,65,366,0,120,0
-12,515,60,366,0,115,0
-12,508,55,366,0,110,0
-12,496,55,366,0,110,0
-12,489,50,366,0,105,0
-12,482,45,366,0,100,0
-12,475,40,366,0,95,0
-12,463,40,366,0,95,0
-12,451,40,366,0,95,0
-12,444,35,366,0,90,0
-12,437,30,366,0,85,0
-12,425,30,366,0,85,0
-12,413,30,366,0,85,0
-12,406,25,366,0,80,0
-12,399,20,366,0,75,0
-12,387,20,366,0,75,0
-12,375,20,366,0,75,0
-12,368,5,310,1,70,0
-12,361,10,288,1,65,0
-12,349,10,266,1,65,0
-12,337,10,244,1,65,0
-12,330,15,222,1,60,0
-12,323,20,200,1,55,0
-12,316,25,178,1,50,0
-12,309,30,156,1,45,0
-12,302,35,134,1,40,0
-12,295,40,112,1,35,0
-12,288,45,90,1,30,0
-12,276,45,68,1,30,0
-12,264,45,46,1,30,0
-12,257,50,9,1,25,1
-12,250,55,27,1,20,1
-12,243,60,62,1,15,1
-12,231,60,96,1,15,1
-12,219,60,129,1,15,1
-12,207,60,291,0,15,1
-12,190,55,282,0,20,1
-12,173,50,274,0,25,1
-12,156,45,267,0,30,1
-12,139,40,261,0,35,1
-12,122,35,256,0,40,1
-12,105,30,252,0,45,1
-12,88,25,249,0,50,1
-12,71,20,247,0,55,1
-12,54,15,246,0,60,1
-12,37,10,246,0,65,1
-12,20,5,247,0,70,1
-12,3,0,249,0,75,1
-12,9,0,252,0,75,1
-12,21,0,256,0,75,1
-12,33,0,261,0,75,1
-12,45,0,267,0,75,1
-12,57,0,274,0,75,1
-12,69,0,282,0,75,1
-12,675,0,291,0,75,1
-12,663,0,301,0,75,1
-12,651,0,312,0,75,1
-12,634,5,324,0,80,1
-12,617,10,337,0,85,1
-12,605,10,351,0,85,1
-12,593,10,366,0,85,0
-12,581,10,366,0,85,0
-12,569,10,366,0,85,0
-12,562,5,366,0,80,0
-12,555,0,366,0,75,0
-12,548,5,366,0,70,0
-12,541,10,366,0,65,0
-12,524,5,366,0,70,0
-12,507,0,366,0,75,0
-12,490,5,366,0,80,0
-12,473,10,366,0,85,0
-12,456,15,366,0,90,0
-12,439,20,366,0,95,0
-12,422,25,366,0,100,0
-12,405,30,366,0,105,0
-12,388,35,366,0,110,0
-12,371,40,366,0,115,0
-12,354,5,310,1,120,0
-12,337,10,288,1,125,0
-12,320,15,266,1,130,0
-12,303,20,244,1,135,0
-12,286,25,222,1,140,0
-12,269,30,200,1,145,0
-12,252,35,163,1,150,1
-12,235,40,127,1,155,1
-12,218,45,92,1,160,1
-12,201,50,58,1,165,1
-12,184,55,25,1,170,1
-12,172,55,7,1,170,1
-12,160,55,38,1,170,1
-12,148,55,68,1,170,1
-12,136,55,97,1,170,1
-12,124,55,125,1,170,1
-12,112,55,152,1,170,1
-12,100,55,178,1,170,1
-12,88,55,249,0,170,1
-12,76,55,247,0,170,1
-12,64,55,246,0,170,1
-12,52,55,246,0,170,1
-12,45,50,247,0,165,1
-12,38,45,249,0,160,1
-12,31,40,252,0,155,1
-12,24,35,256,0,150,1
-12,17,30,261,0,145,1
-12,10,25,267,0,140,1
-12,2,25,274,0,140,1
-12,14,25,282,0,140,1
-12,26,25,291,0,140,1
-12,38,25,301,0,140,1
-12,50,25,312,0,140,1
-12,62,25,324,0,140,1
-12,69,20,337,0,135,1
-12,76,15,351,0,130,1
-12,83,10,366,0,125,0
-12,95,10,366,0,125,0
-12,107,10,366,0,125,0
-12,119,10,366,0,125,0
-12,625,10,366,0,125,0
-12,613,10,366,0,125,0
-12,601,10,366,0,125,0
-12,589,10,366,0,125,0
-12,577,10,366,0,125,0
-12,565,10,366,0,125,0
-12,553,10,366,0,125,0
-12,536,15,366,0,130,0
-12,519,20,366,0,135,0
-12,502,25,366,0,140,0
-12,485,30,366,0,145,0
-12,473,30,366,0,145,0
-12,461,30,366,0,145,0
-12,454,25,366,0,140,0
-12,447,20,366,0,135,0
-12,440,15,366,0,130,0
-12,428,15,366,0,130,0
-12,416,15,366,0,130,0
-12,409,10,366,0,125,0
-12,402,5,366,0,120,0
-12,390,0,310,1,120,0
-12,378,0,288,1,120,0
-12,371,5,266,1,115,0
-12,364,10,244,1,110,0
-12,357,15,222,1,105,0
-12,350,20,200,1,100,0
-12,343,25,178,1,95,0
-12,336,30,156,1,90,0
-12,329,35,134,1,85,0
-12,322,40,112,1,80,0
-12,315,45,90,1,75,0
-12,308,50,68,1,70,0
-12,301,55,46,1,65,0
-12,294,60,24,1,60,0
-12,287,65,2,1,55,0
-12,280,70,20,1,50,0
-12,273,75,42,1,45,0
-12,266,80,79,1,40,1
-12,254,80,337,0,40,1
-12,242,80,324,0,40,1
-12,230,80,312,0,40,1
-12,213,75,301,0,45,1
-12,196,70,291,0,50,1
-12,179,65,282,0,55,1
-12,162,60,274,0,60,1
-12,145,55,267,0,65,1
-12,128,50,261,0,70,1
-12,111,45,256,0,75,1
-12,94,40,252,0,80,1
-12,77,35,249,0,85,1
-12,60,30,247,0,90,1
-12,43,25,246,0,95,1
-12,26,20,246,0,100,1
-12,9,15,247,0,105,1
-12,8,10,249,0,110,1
-12,25,5,252,0,115,1
-12,37,5,256,0,115,1
-12,49,5,261,0,115,1
-12,61,5,267,0,115,1
-12,73,5,274,0,115,1
-12,85,5,282,0,115,1
-12,97,5,291,0,115,1
-12,109,5,301,0,115,1
-12,635,5,312,0,115,1
-12,623,5,324,0,115,1
-12,611,5,337,0,115,1
-12,604,10,351,0,110,1
-12,597,15,366,0,105,0
-12,590,20,366,0,100,0
-12,578,20,366,0,100,0
-12,566,20,366,0,100,0
-12,554,20,366,0,100,0
-12,547,25,366,0,95,0
-12,540,30,366,0,90,0
-12,533,35,366,0,85,0
-12,526,40,366,0,80,0
-12,519,45,366,0,75,0
-12,512,50,366,0,70,0
-12,505,55,366,0,65,0
-12,498,60,366,0,60,0
-12,491,5,310,1,55,0
-12,484,10,288,1,50,0
-12,477,15,266,1,45,0
-12,470,20,244,1,40,0
-12,458,20,222,1,40,0
-12,446,20,200,1,40,0
-12,434,20,178,1,40,0
-12,422,20,156,1,40,0
-12,415,25,134,1,35,0
-12,408,30,112,1,30,0
-12,401,35,90,1,25,0
-12,394,40,68,1,20,0
-12,387,45,46,1,15,0
-12,375,45,24,1,15,0
-12,363,45,2,1,15,0
-12,351,45,20,1,15,0
-12,339,45,57,1,15,1
-12,327,45,93,1,15,1
-12,315,45,324,0,15,1
-12,303,45,312,0,15,1
-12,286,40,301,0,20,1
-12,269,35,291,0,25,1
-12,252,30,282,0,30,1
-12,235,25,274,0,35,1
-12,218,20,267,0,40,1
-12,201,15,261,0,45,1
-12,184,10,256,0,50,1
-12,167,5,252,0,55,1
-12,150,0,249,0,60,1
-12,133,5,247,0,65,1
-12,116,10,246,0,70,1
-12,99,15,246,0,75,1
-12,82,20,247,0,80,1
-12,65,25,249,0,85,1
-12,48,30,252,0,90,1
-12,31,35,256,0,95,1
-12,14,40,261,0,100,1
-12,2,40,267,0,100,1
-12,10,40,274,0,100,1
-12,22,40,282,0,100,1
-12,34,40,291,0,100,1
-12,46,40,301,0,100,1
-12,58,40,312,0,100,1
-12,70,40,324,0,100,1
-12,82,40,337,0,100,1
-12,89,35,351,0,95,1
-12,660,30,366,0,90,0
-12,653,25,366,0,85,0
-12,646,20,366,0,80,0
-12,639,15,366,0,75,0
-12,627,15,366,0,75,0
-12,615,15,366,0,75,0
-12,603,15,366,0,75,0
-12,591,15,366,0,75,0
-12,579,15,366,0,75,0
-12,567,15,366,0,75,0
-12,555,15,366,0,75,0
-12,543,15,366,0,75,0
-12,536,10,366,0,70,0
-12,529,5,366,0,65,0
-12,522,5,310,1,60,0
-12,515,10,288,1,55,0
-12,508,15,266,1,50,0
-12,501,20,244,1,45,0
-12,494,25,222,1,40,0
-12,487,30,200,1,35,0
-12,480,35,178,1,30,0
-12,473,40,156,1,25,0
-12,466,45,134,1,20,0
-12,459,50,112,1,15,0
-12,452,55,90,1,10,0
-12,440,55,68,1,10,0
-12,428,55,46,1,10,0
-12,416,55,24,1,10,0
-12,404,55,2,1,10,0
-12,392,55,20,1,10,0
-12,380,55,42,1,10,0
-12,368,55,64,1,10,0
-12,356,55,366,0,10,0
-12,339,50,366,0,15,0
-12,322,45,366,0,20,0
-12,305,40,366,0,25,0
-12,288,35,366,0,30,0
-12,271,30,366,0,35,0
-12,254,25,366,0,40,0
-12,237,20,366,0,45,0
-12,220,15,366,0,50,0
-12,203,10,351,0,55,1
-12,186,5,337,0,60,1
-12,169,0,324,0,65,1
-12,152,5,312,0,70,1
-12,135,10,301,0,75,1
-12,118,15,291,0,80,1
-12,101,20,282,0,85,1
-12,84,25,274,0,90,1
-12,67,30,267,0,95,1
-12,50,35,261,0,100,1
-12,33,40,256,0,105,1
-12,16,45,252,0,110,1
-12,4,45,249,0,110,1
-12,8,45,247,0,110,1
-12,20,45,246,0,110,1
-12,32,45,246,0,110,1
-12,44,45,247,0,110,1
-12,56,45,249,0,110,1
-12,68,45,252,0,110,1
-12,80,45,256,0,110,1
-12,92,45,261,0,110,1
-12,104,45,267,0,110,1
-12,640,45,274,0,110,1
-12,628,45,282,0,110,1
-12,616,45,291,0,110,1
-12,604,45,301,0,110,1
-12,592,45,312,0,110,1
-12,580,45,324,0,110,1
-12,573,40,337,0,105,1
-12,566,35,351,0,100,1
-12,559,30,366,0,95,0
-12,552,25,366,0,90,0
-12,545,20,366,0,85,0
-12,538,5,310,1,80,0
-12,531,10,288,1,75,0
-12,524,15,266,1,70,0
-12,512,15,244,1,70,0
-12,500,15,222,1,70,0
-12,488,15,200,1,70,0
-12,476,15,178,1,70,0
-12,464,15,156,1,70,0
-12,457,20,134,1,65,0
-12,450,25,112,1,60,0
-12,443,30,90,1,55,0
-12,436,35,68,1,50,0
-12,429,40,46,1,45,0
-12,417,40,24,1,45,0
-12,405,40,2,1,45,0
-12,393,40,20,1,45,0
-12,381,40,42,1,45,0
-12,369,40,64,1,45,0
-12,357,40,366,0,45,0
-12,345,40,366,0,45,0
-12,333,40,366,0,45,0
-12,316,35,366,0,50,0
-12,299,30,366,0,55,0
-12,282,25,366,0,60,0
-12,265,20,366,0,65,0
-12,248,15,366,0,70,0
-12,231,10,351,0,75,1
-12,214,5,337,0,80,1
-12,197,0,324,0,85,1
-12,180,5,312,0,90,1
-12,163,10,301,0,95,1
-12,146,15,291,0,100,1
-12,129,20,282,0,105,1
-12,112,25,274,0,110,1
-12,95,30,267,0,115,1
-12,83,30,261,0,115,1
-12,71,30,256,0,115,1
-12,59,30,252,0,115,1
-12,47,30,249,0,115,1
-12,35,30,247,0,115,1
-12,23,30,246,0,115,1
-12,11,30,246,0,115,1
-12,1,30,247,0,115,1
-12,13,30,249,0,115,1
-12,25,30,252,0,115,1
-12,37,30,256,0,115,1
-12,49,30,261,0,115,1
-12,61,30,267,0,115,1
-12,73,30,274,0,115,1
-12,85,30,282,0,115,1
-12,97,30,291,0,115,1
-12,109,30,301,0,115,1
-12,635,30,312,0,115,1
-12,623,30,324,0,115,1
-12,611,30,337,0,115,1
-12,599,30,351,0,115,1
-12,587,30,366,0,115,0
-12,575,30,366,0,115,0
-12,563,30,366,0,115,0
-12,556,25,366,0,110,0
-12,549,5,310,1,105,0
-12,537,5,288,1,105,0
-12,525,5,266,1,105,0
-12,513,5,244,1,105,0
-12,501,5,222,1,105,0
-12,494,10,200,1,100,0
-12,487,15,178,1,95,0
-12,480,20,156,1,90,0
-12,473,25,134,1,85,0
-12,466,30,112,1,80,0
-12,459,35,90,1,75,0
-12,452,40,68,1,70,0
-12,445,45,46,1,65,0
-12,433,45,24,1,65,0
-12,421,45,2,1,65,0
-12,409,45,20,1,65,0
-12,397,45,42,1,65,0
-12,385,45,64,1,65,0
-12,373,45,366,0,65,0
-12,356,40,366,0,70,0
-12,339,35,366,0,75,0
-12,322,30,366,0,80,0
-12,305,25,366,0,85,0
-12,288,20,366,0,90,0
-12,271,15,366,0,95,0
-12,254,10,366,0,100,0
-12,237,5,351,0,105,1
-12,220,0,337,0,110,1
-12,203,5,324,0,115,1
-12,186,10,312,0,120,1
-12,169,15,301,0,125,1
-12,152,20,291,0,130,1
-12,135,25,282,0,135,1
-12,118,30,274,0,140,1
-12,101,35,267,0,145,1
-12,84,40,261,0,150,1
-12,67,45,256,0,155,1
-12,50,50,252,0,160,1
-12,33,55,249,0,165,1
-12,21,55,247,0,165,1
-12,9,55,246,0,165,1
-12,3,55,246,0,165,1
-12,15,55,247,0,165,1
-12,27,55,249,0,165,1
-12,39,55,252,0,165,1
-12,51,55,256,0,165,1
-12,63,55,261,0,165,1
-12,75,55,267,0,165,1
-12,87,55,274,0,165,1
-12,99,55,282,0,165,1
-12,111,55,291,0,165,1
-12,123,55,301,0,165,1
-12,135,55,312,0,165,1
-12,147,55,324,0,165,1
-12,159,55,337,0,165,1
-12,590,50,351,0,160,1
-12,583,45,366,0,155,0
-12,576,40,366,0,150,0
-12,564,40,366,0,150,0
-12,552,40,366,0,150,0
-12,545,5,310,1,145,0
-12,538,10,288,1,140,0
-12,531,15,266,1,135,0
-12,524,20,244,1,130,0
-12,517,25,222,1,125,0
-12,510,30,200,1,120,0
-12,503,35,178,1,115,0
-12,496,40,156,1,110,0
-12,489,45,134,1,105,0
-12,482,50,112,1,100,0
-12,470,50,90,1,100,0
-12,458,50,68,1,100,0
-12,446,50,46,1,100,0
-12,434,50,24,1,100,0
-12,422,50,2,1,100,0
-12,410,50,20,1,100,0
-12,398,50,42,1,100,0
-12,386,50,64,1,100,0
-12,374,50,366,0,100,0
-12,362,50,366,0,100,0
-12,350,50,366,0,100,0
-12,338,50,366,0,100,0
-12,326,50,366,0,100,0
-12,314,50,366,0,100,0
-12,302,50,366,0,100,0
-12,290,50,366,0,100,0
-12,278,50,366,0,100,0
-12,266,50,366,0,100,0
-12,254,50,366,0,100,0
-12,242,50,366,0,100,0
-12,230,50,366,0,100,0
-12,218,50,366,0,100,0
-12,206,50,366,0,100,0
-12,194,50,366,0,100,0
-12,182,50,366,0,100,0
-12,170,50,366,0,100,0
-12,163,55,366,0,95,0
-12,156,60,366,0,90,0
-12,149,65,366,0,85,0
-12,137,65,366,0,85,0
-12,125,65,351,0,85,1
-12,113,65,337,0,85,1
-12,101,65,324,0,85,1
-12,89,65,312,0,85,1
-12,77,65,301,0,85,1
-12,65,65,291,0,85,1
-12,58,70,282,0,80,1
-12,51,75,274,0,75,1
-12,44,80,267,0,70,1
-12,37,85,261,0,65,1
-12,30,90,256,0,60,1
-12,23,95,252,0,55,1
-12,16,100,249,0,50,1
-12,9,105,247,0,45,1
-12,2,110,246,0,40,1
-12,5,115,246,0,35,1
-12,12,120,247,0,30,1
-12,19,125,249,0,25,1
-12,730,130,252,0,20,1
-12,718,130,256,0,20,1
-12,706,0,205,1,20,1
-12,694,0,189,1,20,1
-12,682,0,174,1,20,1
-12,665,5,160,1,25,1
-12,648,10,147,1,30,1
-12,631,15,135,1,35,1
-12,614,20,124,1,40,1
-12,597,25,114,1,45,1
-12,580,30,105,1,50,1
-12,563,35,97,1,55,1
-12,546,40,90,1,60,0
-12,529,45,68,1,65,0
-12,512,50,46,1,70,0
-12,495,55,24,1,75,0
-12,483,55,2,1,75,0
-12,471,55,20,1,75,0
-12,459,55,42,1,75,0
-12,447,55,64,1,75,0
-12,430,60,366,0,80,0
-12,413,65,366,0,85,0
-12,396,70,366,0,90,0
-12,379,75,366,0,95,0
-12,362,80,366,0,100,0
-12,345,85,366,0,105,0
-12,328,90,366,0,110,0
-12,311,95,366,0,115,0
-12,294,100,366,0,120,0
-12,277,105,366,0,125,0
-12,260,110,366,0,130,0
-12,243,115,366,0,135,0
-12,231,115,351,0,135,1
-12,219,115,337,0,135,1
-12,207,115,324,0,135,1
-12,195,115,312,0,135,1
-12,178,120,301,0,140,1
-12,161,125,291,0,145,1
-12,144,130,282,0,150,1
-12,127,135,274,0,155,1
-12,110,140,267,0,160,1
-12,93,145,261,0,165,1
-12,76,150,256,0,170,1
-12,64,150,252,0,170,1
-12,52,150,249,0,170,1
-12,40,150,247,0,170,1
-12,28,150,246,0,170,1
-12,16,150,246,0,170,1
-12,4,150,247,0,170,1
-12,8,150,249,0,170,1
-12,20,150,252,0,170,1
-12,32,150,256,0,170,1
-12,44,150,261,0,170,1
-12,56,150,267,0,170,1
-12,68,150,274,0,170,1
-12,80,150,282,0,170,1
-12,92,150,291,0,170,1
-12,104,150,301,0,170,1
-12,116,150,312,0,170,1
-12,128,150,324,0,170,1
-12,140,150,337,0,170,1
-12,152,150,351,0,170,1
-12,164,0,310,1,170,0
-12,580,0,288,1,170,0
-12,568,0,266,1,170,0
-12,556,0,244,1,170,0
-12,549,5,222,1,165,0
-12,542,10,200,1,160,0
-12,535,15,178,1,155,0
-12,528,20,156,1,150,0
-12,521,25,134,1,145,0
-12,514,30,112,1,140,0
-12,507,35,90,1,135,0
-12,500,40,68,1,130,0
-12,493,45,46,1,125,0
-12,486,50,24,1,120,0
